{"cameraMode":{"drawMode":0,"name":"Shaded","section":"Shading Mode"},"sceneLighting":false,"audioPlay":false,"sceneViewState":{"m_AlwaysRefresh":false,"showFog":true,"showSkybox":true,"showFlares":true,"showImageEffects":true,"showParticleSystems":true,"showVisualEffectGraphs":true,"m_FxEnabled":true},"in2DMode":false,"pivot":{"x":46.699825286865237,"y":1.205247402191162,"z":126.74945068359375},"rotation":{"x":-0.10038713365793228,"y":-0.49190714955329897,"z":0.05722365155816078,"w":-0.8629580140113831},"size":4.576853275299072,"orthographic":false}